"RMSE","MSE","MAE"
0.00889260952429029,7.90785041514983e-05,0.00616825914619782
