"RMSE","MSE","MAE"
0.00892688925077357,7.96893516955768e-05,0.00619989073473923
