"RMSE","MSE","MAE"
0.00888369720097734,7.89200759586526e-05,0.00616129303192145
