"","name","x"
"1","mse",0.000242397160001339
"2","rmse",0.015569109158887
"3","mae",0.0103657061667462
