"","name","x"
"1","mse",0.000164685983173911
"2","rmse",0.0128330036692082
"3","mae",0.00907601138196393
